stw:,rel,gnd:,issue,note
10928-6,=,4334934-1,,GND CK Bug
19661-3,=,4826292-4,,GND CK Bug
13483-3,=,4204889-8,,GND CK Bug
16549-5,=,4139215-2,,GND CK Bug
13200-6,=,4180816-2,,GND CK Bug
19118-3,=,4022360-7,,GND CK Bug
19118-3,=,4023774-6,,GND CK Bug
16552-2,=,4115725-4,,GND CK Bug
16195-0,=,7864395-8,,GND CK Bug
14197-6,=,4124847-8,,GND CK Bug
14285-2,=,4482314-9,,GND CK Bug
14285-2,=,4482316-2,,GND CK Bug
15694-1,=,4125698-0,,GND CK Bug
30027-4,=,4114333-4,,GND CK Bug
15694-1,=,4114333-4,,GND CK Bug
16273-6,=,4203997-6,,GND CK Bug
27423-2,=,1054037531,,GND CK Bug
10011-3,=,4014709-5,,GND CK Bug
19521-5,=,1043571531,,GND CK Bug
10838-0,=,4299972-8,,GND CK Bug
14047-4,=,4178391-8,,GND CK Bug
15036-4,=,4802783-2,,GND CK Bug
18120-0,=,1031771492,,GND CK Bug
10012-1,=,4572506-8,,GND CK Bug
10838-0,=,4209153-6,,GND CK Bug
16176-4,=,4140705-2,,GND CK Bug
16176-4,=,4128010-6,,GND CK Bug
10011-3,=,4138760-0,,GND CK Bug
10838-0,=,4303572-3,,GND CK Bug
29652-5,=,4644800-7,,GND CK Bug
14051-6,=,4250171-4,,GND CK Bug
13145-2,=,4375087-4,,GND CK Bug
28923-5,=,7542254-2,,GND CK Bug
19073-6,=,4175812-2,,GND CK Bug
10011-3,=,4474283-6,,GND CK Bug
12980-1,=,4132253-8,,GND CK Bug
12567-2,=,4631201-8,,GND CK Bug
14122-2,=,4352756-5,,GND CK Bug
21315-0,=,1026698669,,GND CK Bug
13444-6,=,4034402-2,,GND CK Bug
18067-6,=,4183191-3,,GND CK Bug
14105-2,=,4492841-5,,GND CK Bug
10836-4,=,4134749-3,,GND CK Bug
10836-4,=,4269224-6,,GND CK Bug
10012-1,=,4164624-1,,GND CK Bug
10012-1,=,4124618-4,,GND CK Bug
15036-4,=,4659945-9,,GND CK Bug
10838-0,=,4316765-2,,GND CK Bug
15968-4,=,4048737-4,,GND CK Bug
10012-1,=,4126683-3,,GND CK Bug
10836-4,=,4130991-1,,GND CK Bug
10011-3,=,4235035-9,,GND CK Bug
13427-6,=,4280234-9,,GND CK Bug
10012-1,=,4670407-3,,GND CK Bug
10011-3,=,4126649-3,,GND CK Bug
11641-0,=,4274198-1,,GND CK Bug
11852-1,=,4156524-1,,GND CK Bug
10012-1,=,4159405-8,,GND CK Bug
13209-2,=,4180079-5,,GND CK Bug
10012-1,=,4184731-3,,GND CK Bug
10836-4,=,4609869-0,,GND CK Bug
10836-4,=,4304066-4,,GND CK Bug
11706-5,=,4139406-9,,GND CK Bug
12026-1,=,4998396-9,,GND CK Bug
11416-0,=,4040629-5,,GND CK Bug
11434-5,=,4040629-5,,GND CK Bug
19041-5,=,4509864-5,,GND CK Bug
19072-1,=,4424652-3,,GND CK Bug
12065-5,=,4120597-2,,GND CK Bug
15072-0,=,4252783-1,,GND CK Bug
12876-3,=,4183182-2,,GND CK Bug
10011-3,=,4162680-1,,GND CK Bug
15966-1,=,4079369-2,,GND CK Bug
14665-6,=,4594151-8,,GND CK Bug
18029-0,=,4520586-3,,GND CK Bug
10012-1,=,4396699-8,,GND CK Bug
13058-4,=,7580144-9,,GND CK Bug
10012-1,=,4039867-5,,GND CK Bug
10012-1,=,4142139-5,,GND CK Bug
18118-1,=,7516446-2,,GND CK Bug
11965-2,=,4019956-3,,GND CK Bug
12531-2,=,4510054-8,,GND CK Bug
12531-2,=,4257582-5,,GND CK Bug
12531-2,=,4510052-4,,GND CK Bug
13197-4,=,4384147-8,,GND CK Bug
14934-5,=,4799345-5,,GND CK Bug
10057-0,=,4224505-9,,GND CK Bug
12053-5,=,7637985-1,,GND CK Bug
13462-4,=,4023222-0,,GND CK Bug
12931-0,=,4165234-4,,GND CK Bug
14110-2,=,4602460-8,,GND CK Bug
10012-1,=,4197208-9,,GND CK Bug
15606-3,=,4148895-7,,GND CK Bug
11238-5,=,4261476-4,,GND CK Bug
13264-1,=,4062975-2,,GND CK Bug
11706-5,=,4126755-2,,GND CK Bug
10012-1,=,4032561-1,,GND CK Bug
10012-1,=,4131284-3,,GND CK Bug
11554-2,=,4207825-8,,GND CK Bug
10011-3,=,4203972-1,,GND CK Bug
10012-1,=,4382158-3,,GND CK Bug
13210-3,=,4365548-8,,GND CK Bug
15057-3,=,4690875-4,,GND CK Bug
10012-1,=,4189688-9,,GND CK Bug
10013-6,=,4129053-7,,GND CK Bug
16048-6,=,4183935-3,,GND CK Bug
14976-3,=,4157188-5,,GND CK Bug
18674-6,=,4206018-7,,GND CK Bug
10838-0,=,4204793-6,,GND CK Bug
11341-5,=,4815042-3,,GND CK Bug
12180-5,=,4116640-1,,GND CK Bug
10829-1,=,4279906-5,,GND CK Bug
12381-2,=,4144015-8,,GND CK Bug
14941-1,=,4321794-1,,GND CK Bug
14124-5,=,4249080-7,,GND CK Bug
27675-3,=,7542673-0,,GND CK Bug
10836-4,=,4615818-2,,GND CK Bug
10213-5,=,4306024-9,,GND CK Bug
11289-2,=,4205706-1,,GND CK Bug
12918-6,=,7674042-0,,GND CK Bug
14150-4,=,4406571-1,,GND CK Bug
10012-1,=,4588101-7,,GND CK Bug
13691-3,=,4004436-1,,GND CK Bug
10011-3,=,4507265-6,,GND CK Bug
15598-4,=,4252600-0,,GND CK Bug
10838-0,=,4603699-4,,GND CK Bug
10012-1,=,4125826-5,,GND CK Bug
10836-4,=,4162245-5,,GND CK Bug
10000-1,=,4615834-0,,GND CK Bug
15211-5,=,4218541-5,,GND CK Bug
10838-0,=,4252364-3,,GND CK Bug
18496-4,=,4203547-8,,GND CK Bug
10012-1,=,4158545-8,,GND CK Bug
16186-1,=,4162099-9,,GND CK Bug
14973-2,=,4145364-5,,GND CK Bug
10011-3,=,4135474-6,,GND CK Bug
11275-6,=,4162823-8,,GND CK Bug
13511-3,=,4062901-6,,GND CK Bug
15695-6,=,4056723-0,,GND CK Bug
16564-2,=,4019977-0,,GND CK Bug
14196-1,=,4427432-4,,GND CK Bug
14432-1,=,4382864-4,,GND CK Bug
10836-4,=,4301757-5,,GND CK Bug
15920-4,=,4232664-3,,GND CK Bug
16550-6,=,4130659-4,,GND CK Bug
15966-1,=,4168674-3,,GND CK Bug
15671-6,=,4819954-0,,GND CK Bug
13210-3,=,4202488-2,,GND CK Bug
10000-1,=,7597327-3,,GND CK Bug
10000-1,=,4364810-1,,GND CK Bug
10000-1,=,4178384-0,,GND CK Bug
10013-6,=,4246274-5,,GND CK Bug
10013-6,=,4840171-7,,GND CK Bug
10013-6,=,4120596-0,,GND CK Bug
10013-6,=,4151748-9,,GND CK Bug
10013-6,=,4219414-3,,GND CK Bug
19033-4,=,4259216-1,,GND CK Bug
10012-1,=,4020787-0,,GND CK Bug
11706-5,=,4368640-0,,GND CK Bug
13200-6,=,4510698-8,,GND CK Bug
29853-2,=,4185785-9,,GND CK Bug
18793-5,=,4457083-1,,GND CK Bug
14088-4,=,4157207-5,,GND CK Bug
19072-1,=,4077850-2,,GND CK Bug
13301-0,=,4258813-3,,GND CK Bug
10012-1,=,4316442-0,,GND CK Bug
10838-0,=,4015185-2,,GND CK Bug
19677-2,=,4120736-1,,GND CK Bug
10012-1,=,4296525-1,,GND CK Bug
11628-6,=,4259811-4,,GND CK Bug
14433-6,=,4193794-6,,GND CK Bug
11706-5,=,4132454-7,,GND CK Bug
10836-4,=,4218382-0,,GND CK Bug
10836-4,=,4191747-9,,GND CK Bug
10836-4,=,4114376-0,,GND CK Bug
10836-4,=,4374352-3,,GND CK Bug
10836-4,=,1036689859,,GND CK Bug
10836-4,=,4673421-1,,GND CK Bug
10836-4,=,4201764-6,,GND CK Bug
10836-4,=,4616736-5,,GND CK Bug
10836-4,=,4301245-0,,GND CK Bug
10836-4,=,4235580-1,,GND CK Bug
10836-4,=,4615819-4,,GND CK Bug
10836-4,=,4425079-4,,GND CK Bug
10836-4,=,4425082-4,,GND CK Bug
10836-4,=,4332241-4,,GND CK Bug
10836-4,=,4209152-4,,GND CK Bug
10836-4,=,4603666-0,,GND CK Bug
10836-4,=,4425084-8,,GND CK Bug
10836-4,=,4219241-9,,GND CK Bug
10836-4,=,4603665-9,,GND CK Bug
10836-4,=,4641869-6,,GND CK Bug
10836-4,=,4283947-6,,GND CK Bug
10836-4,=,4050897-3,,GND CK Bug
11666-5,=,4424655-9,,GND CK Bug
10012-1,=,4172472-0,,GND CK Bug
18729-0,=,4007502-3,,GND CK Bug
10012-1,=,4194777-0,,GND CK Bug
19133-0,=,7619259-3,,GND CK Bug
10010-5,=,4187188-1,,GND CK Bug
15472-5,=,7596388-7,,GND CK Bug
11356-6,=,4284923-8,,GND CK Bug
19438-6,=,4294058-8,,GND CK Bug
10011-3,=,4049298-9,,GND CK Bug
10012-1,=,4191534-3,,GND CK Bug
10012-1,=,4691810-3,,GND CK Bug
10012-1,=,4190813-2,,GND CK Bug
19687-6,=,7578209-1,,GND CK Bug
12072-1,=,7571585-5,,GND CK Bug
10838-0,=,4711965-2,,GND CK Bug
10012-1,=,4469030-7,,GND CK Bug
10838-0,=,4246784-6,,GND CK Bug
15920-4,=,4187051-7,,GND CK Bug
10011-3,=,4292888-6,,GND CK Bug
18168-0,=,4002733-8,,GND CK Bug
11264-4,=,4002733-8,,GND CK Bug
10833-3,=,4680722-6,,GND CK Bug
10012-1,=,4417324-6,,GND CK Bug
10012-1,=,4380154-7,,GND CK Bug
10012-1,=,4328181-3,,GND CK Bug
10012-1,=,4127143-9,,GND CK Bug
12065-5,=,4484034-2,,GND CK Bug
10838-0,=,4299975-3,,GND CK Bug
15621-0,=,4691865-6,,GND CK Bug
10012-1,=,4127562-7,,GND CK Bug
15982-3,=,4167060-7,,GND CK Bug
10011-3,=,4027148-1,,GND CK Bug
10012-1,=,4783999-5,,GND CK Bug
12591-5,=,4214086-9,,GND CK Bug
15703-5,=,4026779-9,,GND CK Bug
10011-3,=,4264525-6,,GND CK Bug
10012-1,=,4396711-5,,GND CK Bug
10011-3,=,4198289-7,,GND CK Bug
15073-5,=,4259214-8,,GND CK Bug
11391-4,=,4205121-6,,GND CK Bug
12330-5,=,4193372-2,,GND CK Bug
19544-0,=,7730524-3,,GND CK Bug
16186-1,=,4835204-4,,GND CK Bug
16186-1,=,4162105-0,,GND CK Bug
14728-1,=,4047729-0,,GND CK Bug
10011-3,=,4376388-1,,GND CK Bug
10011-3,=,4264901-8,,GND CK Bug
10011-3,=,4164809-2,,GND CK Bug
10011-3,=,4121246-0,,GND CK Bug
10011-3,=,4278356-2,,GND CK Bug
10011-3,=,4241839-2,,GND CK Bug
10011-3,=,4133664-1,,GND CK Bug
10011-3,=,4129883-4,,GND CK Bug
10011-3,=,4189640-3,,GND CK Bug
15621-0,=,4175844-4,,GND CK Bug
10012-1,=,4626573-9,,GND CK Bug
10213-5,=,4160528-7,,GND CK Bug
10213-5,=,4793627-7,,GND CK Bug
10213-5,=,4398053-3,,GND CK Bug
10213-5,=,4370372-0,,GND CK Bug
10213-5,=,4285380-1,,GND CK Bug
10213-5,=,4215748-1,,GND CK Bug
10213-5,=,4481064-7,,GND CK Bug
10213-5,=,4139908-0,,GND CK Bug
10213-5,=,4191065-5,,GND CK Bug
10213-5,=,4146826-0,,GND CK Bug
10012-1,=,4348636-8,,GND CK Bug
11706-5,=,4483724-0,,GND CK Bug
10251-4,=,4019905-8,,GND CK Bug
14216-0,=,4203219-2,,GND CK Bug
10120-5,=,4280832-7,,GND CK Bug
12041-5,=,4274456-8,,GND CK Bug
12041-5,=,4165506-0,,GND CK Bug
10838-0,=,4388073-3,,GND CK Bug
10012-1,=,4211295-3,,GND CK Bug
10135-6,=,4232317-4,,GND CK Bug
15746-1,=,4517174-9,,GND CK Bug
19510-3,=,4171306-0,,GND CK Bug
11434-5,=,4352849-1,,GND CK Bug
12180-5,=,4117349-1,,GND CK Bug
12180-5,=,4149017-4,,GND CK Bug
12281-6,=,4372655-0,,GND CK Bug
12281-6,=,7706557-8,,GND CK Bug
11537-2,=,4266047-6,,GND CK Bug
10012-1,=,4304231-4,,GND CK Bug
10838-0,=,4299976-5,,GND CK Bug
10838-0,=,4219243-2,,GND CK Bug
10838-0,=,4603696-9,,GND CK Bug
10838-0,=,4377804-5,,GND CK Bug
10838-0,=,4304232-6,,GND CK Bug
10838-0,=,4308857-0,,GND CK Bug
10838-0,=,4299974-1,,GND CK Bug
10838-0,=,4301244-9,,GND CK Bug
10838-0,=,4777281-5,,GND CK Bug
10838-0,=,4436780-6,,GND CK Bug
10838-0,=,4233054-3,,GND CK Bug
10838-0,=,4196013-0,,GND CK Bug
12607-2,=,4195168-2,,GND CK Bug
10012-1,=,4177872-8,,GND CK Bug
18952-4,=,4380940-6,,GND CK Bug
14083-0,=,4605843-6,,GND CK Bug
14603-0,=,4427426-9,,GND CK Bug
12781-0,=,4151450-6,,GND CK Bug
10012-1,=,4236373-1,,GND CK Bug
10012-1,=,4208414-3,,GND CK Bug
10012-1,=,4127463-5,,GND CK Bug
10012-1,=,4400041-8,,GND CK Bug
10012-1,=,4235595-3,,GND CK Bug
10012-1,=,4626574-0,,GND CK Bug
10012-1,=,4396690-1,,GND CK Bug
10012-1,=,4492147-0,,GND CK Bug
10012-1,=,4240248-7,,GND CK Bug
10012-1,=,4847761-8,,GND CK Bug
10012-1,=,4496823-1,,GND CK Bug
10012-1,=,4636542-4,,GND CK Bug
10012-1,=,4202487-0,,GND CK Bug
10012-1,=,4197961-8,,GND CK Bug
10012-1,=,4193249-3,,GND CK Bug
10012-1,=,4367842-7,,GND CK Bug
10012-1,=,4192861-1,,GND CK Bug
10012-1,=,4162956-5,,GND CK Bug
10012-1,=,4160386-2,,GND CK Bug
10012-1,=,4302181-5,,GND CK Bug
10012-1,=,4173647-3,,GND CK Bug
10012-1,=,4114591-4,,GND CK Bug
10012-1,=,4396706-1,,GND CK Bug
10012-1,=,4121618-0,,GND CK Bug
10012-1,=,4137877-5,,GND CK Bug
10012-1,=,4266387-8,,GND CK Bug
10012-1,=,4192333-9,,GND CK Bug
10012-1,=,4132228-9,,GND CK Bug
10012-1,=,4159250-5,,GND CK Bug
10012-1,=,4125886-1,,GND CK Bug
10012-1,=,4165457-2,,GND CK Bug
10012-1,=,4113238-5,,GND CK Bug
10012-1,=,4181333-9,,GND CK Bug
10012-1,=,4159443-5,,GND CK Bug
10012-1,=,4190688-3,,GND CK Bug
10012-1,=,4126210-4,,GND CK Bug
10012-1,=,4395767-5,,GND CK Bug
10012-1,=,4308758-9,,GND CK Bug
16288-0,=,4158142-8,,GND CK Bug
19657-1,=,4383298-2,,GND CK Bug
18859-1,=,4020774-2,,GND CK Bug
11533-3,=,4017214-4,,GND CK Bug
11540-6,=,4017214-4,,GND CK Bug
12781-0,=,4182101-4,,GND CK Bug
12781-0,=,4069133-0,,GND CK Bug
13200-6,=,4544744-5,,GND CK Bug
16809-5,=,4000782-0,,GND CK Bug
11702-6,=,7565724-7,,GND CK Bug
12046-2,=,4061963-1,,GND CK Bug
13415-6,=,4177798-0,,GND CK Bug
13210-3,=,4699898-6,,GND CK Bug
19039-6,=,4032257-9,,GND CK Bug
14802-1,=,4448603-0,,GND CK Bug
10225-5,=,4384597-6,,GND CK Bug
15920-4,=,4131694-0,,GND CK Bug
15609-4,=,7571300-7,,GND CK Bug
11559-6,=,4149745-4,,GND CK Bug
12985-5,=,4425072-1,,GND CK Bug
18869-5,=,4125522-7,,GND CK Bug
19072-1,=,4235273-3,,GND CK Bug
10984-3,=,4123438-8,,GND CK Bug
16112-2,=,4183211-5,,GND CK Bug
19405-0,=,4057399-0,,GND CK Bug
11416-0,=,4019889-3,,GND CK Bug
19566-4,=,4017692-7,,GND CK Bug
16564-2,=,4162863-9,,GND CK Bug
16564-2,=,4282288-9,,GND CK Bug
12881-3,=,4192084-3,,GND CK Bug
18410-5,=,4491548-2,,GND CK Bug
13209-2,=,4699900-0,,GND CK Bug
11373-6,=,7676908-2,,GND CK Bug
10135-6,=,7672325-2,,GND CK Bug
11261-3,=,4218407-1,,GND CK Bug
13210-3,=,4162246-7,,GND CK Bug
20485-1,=,4126008-9,,GND CK Bug
11702-6,=,4168085-6,,GND CK Bug
13210-3,=,4248356-6,,GND CK Bug
13393-4,=,4163900-5,,GND CK Bug
10036-1,=,4190925-2,,GND CK Bug
18154-4,=,4168083-2,,GND CK Bug
16671-1,=,4042866-7,,GND CK Bug
16809-5,=,4195018-5,,GND CK Bug
12842-6,=,7614468-9,,GND CK Bug
12357-6,=,7672313-6,,GND CK Bug
11377-5,=,4300554-8,,GND CK Bug
10338-6,=,4141640-5,,GND CK Bug
10135-6,=,4232316-2,,GND CK Bug
18059-5,=,4425143-9,,GND CK Bug
13210-3,=,4175798-1,,GND CK Bug
14064-4,=,4467289-5,,GND CK Bug
29707-6,=,7620692-0,,GND CK Bug
14040-4,=,4223608-3,,GND CK Bug
12846-5,=,4500382-8,,GND CK Bug
10057-0,=,4138417-9,,GND CK Bug
18736-3,=,4183932-8,,GND CK Bug
15966-1,=,4117603-0,,GND CK Bug
11706-5,=,4013896-3,,GND CK Bug
15966-1,=,4120600-9,,GND CK Bug

